{"assets/images/bitcoin.png":["assets/images/bitcoin.png"],"assets/images/dogecoin.jpg":["assets/images/dogecoin.jpg"],"assets/images/ethereum.jpg":["assets/images/ethereum.jpg"],"assets/images/logo.png":["assets/images/logo.png"],"assets/images/paypal.jpg":["assets/images/paypal.jpg"],"assets/images/splashscreen.png":["assets/images/splashscreen.png"],"packages/cupertino_icons/assets/CupertinoIcons.ttf":["packages/cupertino_icons/assets/CupertinoIcons.ttf"],"packages/fluttertoast/assets/toastify.css":["packages/fluttertoast/assets/toastify.css"],"packages/fluttertoast/assets/toastify.js":["packages/fluttertoast/assets/toastify.js"]}